{
	"credit": "Made with Blockbench",
	"ambientocclusion": false,
	"texture_size": [64, 64],
	"textures": {
		"4": "blocks/bone_block_side",
		"5": "blocks/planks_oak",
		"6": "blocks/bed_head_end",
		"side": "blocks/bed_head_side",
		"particle": "blocks/bed_head_top"
	},
	"elements": [
		{
			"name": "bed head sides",
			"from": [0, 3, 0],
			"to": [16, 9, 15],
			"faces": {
				"east": {"uv": [16, 7, 0, 13], "texture": "#side"},
				"south": {"uv": [0, 0, 0, 0], "texture": "#side"},
				"west": {"uv": [0, 7, 16, 13], "texture": "#side"},
				"up": {"uv": [12, 2, 8, 6], "rotation": 180, "texture": "#side"}
			}
		},
		{
			"name": "left leg",
			"from": [0, 0, 13],
			"to": [3, 3, 16],
			"faces": {
				"north": {"uv": [0, 13, 3, 16], "texture": "#6"},
				"east": {"uv": [13, 13, 16, 16], "texture": "#6"},
				"south": {"uv": [0, 13, 3, 16], "texture": "#6"},
				"west": {"uv": [13, 13, 16, 16], "texture": "#6"},
				"down": {"uv": [0, 13, 3, 16], "texture": "#6"}
			}
		},
		{
			"name": "right leg",
			"from": [13, 0, 13],
			"to": [16, 3, 16],
			"faces": {
				"north": {"uv": [13, 13, 16, 16], "texture": "#6"},
				"east": {"uv": [13, 13, 16, 16], "rotation": 180, "texture": "#6"},
				"south": {"uv": [13, 13, 16, 16], "texture": "#6"},
				"west": {"uv": [0, 13, 3, 16], "texture": "#6"},
				"down": {"uv": [0, 13, 3, 16], "texture": "#6"}
			}
		},
		{
			"name": "bed head top",
			"from": [0, 9, 0],
			"to": [16, 9, 16],
			"faces": {
				"north": {"uv": [0, 0, 4, 0], "texture": "#particle"},
				"east": {"uv": [0, 0, 4, 0], "texture": "#particle"},
				"south": {"uv": [0, 0, 4, 0], "texture": "#particle"},
				"west": {"uv": [0, 0, 4, 0], "texture": "#particle"},
				"up": {"uv": [0, 0, 16, 16], "rotation": 90, "texture": "#particle"}
			}
		},
		{
			"name": "bed head end",
			"from": [0, 3, 15],
			"to": [16, 9, 15],
			"faces": {
				"east": {"uv": [15, 4, 16, 16], "texture": "#6"},
				"south": {"uv": [0, 7, 16, 13], "texture": "#6"},
				"west": {"uv": [0, 4, 1, 16], "texture": "#6"},
				"up": {"uv": [0, 0, 16, 1], "texture": "#6"},
				"down": {"uv": [0, 15, 16, 16], "texture": "#6"}
			}
		},
		{
			"name": "bed bottom",
			"from": [0, 3, 0],
			"to": [16, 3, 16],
			"faces": {
				"north": {"uv": [0, 0, 16, 16], "texture": "#5"},
				"east": {"uv": [0, 0, 3.25, 0], "texture": "#5"},
				"south": {"uv": [0, 0, 4, 0], "texture": "#5"},
				"west": {"uv": [0, 0, 3.25, 0], "texture": "#5"},
				"down": {"uv": [0, 0, 16, 16], "texture": "#5"}
			}
		},
		{
			"from": [2, 9, 9],
			"to": [14, 10, 15],
			"faces": {
				"north": {"uv": [11, 0, 14, 0.25], "texture": "#particle"},
				"east": {"uv": [11, 1, 12.5, 1.25], "texture": "#particle"},
				"south": {"uv": [9, 14, 12, 13.25], "texture": "#particle"},
				"west": {"uv": [9, 2, 13, 3], "texture": "#particle"},
				"up": {"uv": [9, 2, 15, 14], "rotation": 90, "texture": "#particle"},
				"down": {"uv": [9, 2, 14, 3.5], "texture": "#particle"}
			}
		},
		{
			"from": [0, 0, 15],
			"to": [16, 17, 16],
			"faces": {
				"north": {"uv": [0, 0, 16, 16], "texture": "#5"},
				"east": {"uv": [0, 0, 2, 16], "texture": "#5"},
				"south": {"uv": [0, 0, 16, 16], "texture": "#5"},
				"west": {"uv": [2, 0, 0, 16], "texture": "#5"},
				"up": {"uv": [0, 0, 4, 0.25], "texture": "#5"},
				"down": {"uv": [0, 0, 4, 0.25], "texture": "#missing"}
			}
		},
		{
			"from": [-1, 5, 6],
			"to": [17, 10, 8],
			"faces": {
				"north": {"uv": [0, 0, 3.5, 15.5], "texture": "#particle"},
				"east": {"uv": [5, 0.5, 5.5, 16], "texture": "#particle"},
				"south": {"uv": [5, 0, 6, 16], "texture": "#particle"},
				"west": {"uv": [7, 0, 6.5, 16], "texture": "#particle"},
				"up": {"uv": [7, 0, 7.5, 16], "texture": "#particle"},
				"down": {"uv": [0, 0, 4.5, 0.5], "texture": "#missing"}
			}
		},
		{
			"from": [11, 10, 10],
			"to": [12, 11, 11],
			"faces": {
				"north": {"uv": [0, 0, 0.25, 0.25], "texture": "#4"},
				"east": {"uv": [0, 0, 0.25, 0.25], "texture": "#4"},
				"south": {"uv": [0, 0, 0.25, 0.25], "texture": "#4"},
				"west": {"uv": [0, 0, 0.25, 0.25], "texture": "#4"},
				"up": {"uv": [0, 0, 0.25, 0.25], "texture": "#4"},
				"down": {"uv": [0, 0, 0.25, 0.25], "texture": "#4"}
			}
		},
		{
			"from": [7, 11, 9],
			"to": [9, 12, 10],
			"faces": {
				"north": {"uv": [0, 0, 0.5, 0.25], "texture": "#4"},
				"east": {"uv": [0, 0, 0.25, 0.25], "texture": "#4"},
				"south": {"uv": [0, 0, 0.5, 0.25], "texture": "#4"},
				"west": {"uv": [0, 0, 0.25, 0.25], "texture": "#4"},
				"up": {"uv": [0, 0, 0.5, 0.25], "texture": "#4"},
				"down": {"uv": [0, 0, 0.5, 0.25], "texture": "#4"}
			}
		},
		{
			"from": [5, 10, 9],
			"to": [7, 11, 10],
			"faces": {
				"north": {"uv": [0, 0, 0.5, 0.25], "texture": "#4"},
				"east": {"uv": [0, 0, 0.25, 0.25], "texture": "#4"},
				"south": {"uv": [0, 0, 0.5, 0.25], "texture": "#4"},
				"west": {"uv": [0, 0, 0.25, 0.25], "texture": "#4"},
				"up": {"uv": [0, 0, 0.5, 0.25], "texture": "#4"},
				"down": {"uv": [0, 0, 0.5, 0.25], "texture": "#4"}
			}
		},
		{
			"from": [9, 10, 9],
			"to": [11, 11, 10],
			"faces": {
				"north": {"uv": [0, 0, 0.5, 0.25], "texture": "#4"},
				"east": {"uv": [0, 0, 0.25, 0.25], "texture": "#4"},
				"south": {"uv": [0, 0, 0.5, 0.25], "texture": "#4"},
				"west": {"uv": [0, 0, 0.25, 0.25], "texture": "#4"},
				"up": {"uv": [0, 0, 0.5, 0.25], "texture": "#4"},
				"down": {"uv": [0, 0, 0.5, 0.25], "texture": "#4"}
			}
		},
		{
			"from": [7, 10, 9],
			"to": [9, 11, 10],
			"faces": {
				"north": {"uv": [12, 13, 12.5, 13.25], "texture": "#4"},
				"east": {"uv": [0, 0, 0.25, 0.25], "texture": "#4"},
				"south": {"uv": [0, 0, 0.5, 0.25], "texture": "#4"},
				"west": {"uv": [0, 0, 0.25, 0.25], "texture": "#4"},
				"up": {"uv": [0, 0, 0.5, 0.25], "texture": "#4"},
				"down": {"uv": [0, 0, 0.5, 0.25], "texture": "#4"}
			}
		},
		{
			"from": [4, 10, 10],
			"to": [5, 11, 11],
			"faces": {
				"north": {"uv": [0, 0, 0.25, 0.25], "texture": "#4"},
				"east": {"uv": [0, 0, 0.25, 0.25], "texture": "#4"},
				"south": {"uv": [0, 0, 0.25, 0.25], "texture": "#4"},
				"west": {"uv": [0, 0, 0.25, 0.25], "texture": "#4"},
				"up": {"uv": [0, 0, 0.25, 0.25], "texture": "#4"},
				"down": {"uv": [0, 0, 0.25, 0.25], "texture": "#missing"}
			}
		}
	],
	"display": {
		"thirdperson_righthand": {
			"scale": [0.32, 0.32, 0.32]
		}
	},
	"groups": [
		{
			"name": "bed_head",
			"origin": [8, 8, 8],
			"color": 0,
			"children": [
				{
					"name": "head",
					"origin": [0, 0, 0],
					"color": 0,
					"children": []
				}
			]
		},
		0,
		1,
		2,
		3,
		4,
		5,
		6,
		7,
		8,
		9,
		10,
		11,
		12,
		13,
		14
	]
}