{
	"credit": "Made with Blockbench",
	"textures": {
		"3": "blocks/bed_head",
		"5": "blocks/bed_head_top",
		"particle": "blocks/planks_oak"
	},
	"elements": [
		{
			"from": [0, 3, 0],
			"to": [16, 9, 16],
			"faces": {
				"north": {"uv": [0, 0, 0, 0], "texture": "#3"},
				"east": {"uv": [8, 4, 16, 7], "texture": "#3"},
				"south": {"uv": [8, 8, 16, 11], "texture": "#3"},
				"west": {"uv": [0, 8, 8, 11], "texture": "#3"},
				"up": {"uv": [0, 0, 8, 8], "texture": "#3"},
				"down": {"uv": [0, 0, 16, 16], "texture": "#3"}
			}
		},
		{
			"from": [0, 0, 13],
			"to": [3, 3, 16],
			"faces": {
				"north": {"uv": [14, 2, 15.5, 3.5], "texture": "#3"},
				"east": {"uv": [12, 2, 13.5, 3.5], "texture": "#3"},
				"south": {"uv": [10, 2, 11.5, 3.5], "texture": "#3"},
				"west": {"uv": [8, 2, 9.5, 3.5], "texture": "#3"},
				"up": {"uv": [0, 0, 0, 0], "texture": "#3"},
				"down": {"uv": [14, 0, 15.5, 1.5], "texture": "#3"}
			}
		},
		{
			"from": [13, 0, 13],
			"to": [16, 3, 16],
			"faces": {
				"north": {"uv": [12, 2, 13.5, 3.5], "texture": "#3"},
				"east": {"uv": [10, 2, 11.5, 3.5], "texture": "#3"},
				"south": {"uv": [8, 2, 9.5, 3.5], "texture": "#3"},
				"west": {"uv": [14, 2, 15.5, 3.5], "texture": "#3"},
				"up": {"uv": [0, 0, 0, 0], "texture": "#3"},
				"down": {"uv": [12, 0, 13.5, 1.5], "texture": "#3"}
			}
		},
		{
			"from": [2, 9, 8],
			"to": [14, 11, 15],
			"faces": {
				"north": {"uv": [8, 2, 9, 14], "texture": "#5"},
				"east": {"uv": [9, 1, 15, 2], "texture": "#5"},
				"south": {"uv": [15, 2, 16, 14], "texture": "#5"},
				"west": {"uv": [9, 14, 15, 15], "texture": "#5"},
				"up": {"uv": [8, 2, 15, 14], "rotation": 90, "texture": "#5"},
				"down": {"uv": [0, 0, 12, 6], "texture": "#5"}
			}
		},
		{
			"from": [0, 0, 16],
			"to": [16, 12, 17],
			"faces": {
				"north": {"uv": [0, 0, 16, 12], "texture": "#particle"},
				"east": {"uv": [16, 14, 15, 3], "texture": "#particle"},
				"south": {"uv": [0, 1, 16, 12], "texture": "#particle"},
				"west": {"uv": [0, 1, 1, 12], "texture": "#particle"},
				"up": {"uv": [0, 13, 16, 12], "texture": "#particle"},
				"down": {"uv": [0, 11, 16, 12], "texture": "#particle"}
			}
		},
		{
			"from": [0, 9, 0],
			"to": [16, 10, 8],
			"faces": {
				"north": {"uv": [1, 0, 2, 16], "rotation": 90, "texture": "#5"},
				"east": {"uv": [8, 0, 0, 1], "texture": "#5"},
				"south": {"uv": [7, 0, 8, 16], "texture": "#5"},
				"west": {"uv": [8, 16, 0, 15], "rotation": 180, "texture": "#5"},
				"up": {"uv": [0, 0, 8, 16], "rotation": 90, "texture": "#5"},
				"down": {"uv": [2, 0, 16, 6], "texture": "#5"}
			}
		},
		{
			"from": [0, 2, 0],
			"to": [16, 3, 13],
			"faces": {
				"north": {"uv": [0, 0, 16, 1], "texture": "#particle"},
				"east": {"uv": [0, 4, 13, 5], "texture": "#particle"},
				"south": {"uv": [0, 0, 16, 1], "texture": "#particle"},
				"west": {"uv": [0, 4, 13, 5], "texture": "#particle"},
				"up": {"uv": [0, 0, 16, 13], "texture": "#particle"},
				"down": {"uv": [0, 3, 16, 16], "texture": "#particle"}
			}
		},
		{
			"from": [3, 2, 13],
			"to": [13, 3, 16],
			"faces": {
				"north": {"uv": [0, 0, 10, 1], "texture": "#particle"},
				"east": {"uv": [0, 0, 3, 1], "texture": "#particle"},
				"south": {"uv": [0, 4, 10, 5], "texture": "#particle"},
				"west": {"uv": [0, 0, 3, 1], "texture": "#particle"},
				"up": {"uv": [3, 0, 13, 3], "texture": "#particle"},
				"down": {"uv": [3, 0, 13, 3], "texture": "#particle"}
			}
		},
		{
			"from": [-1, 1, 2],
			"to": [0, 10, 8],
			"faces": {
				"north": {"uv": [0, 10, 4, 9.5], "texture": "#3"},
				"east": {"uv": [0, 8, 4, 10], "texture": "#3"},
				"south": {"uv": [0, 10, 4, 9.5], "texture": "#3"},
				"west": {"uv": [1, 8, 4, 10], "texture": "#3"},
				"up": {"uv": [0, 1, 0.5, 4], "texture": "#3"},
				"down": {"uv": [0, 10, 4, 9.5], "texture": "#3"}
			}
		},
		{
			"from": [16, 1, 2],
			"to": [17, 10, 8],
			"faces": {
				"north": {"uv": [0, 10, 4, 9.5], "texture": "#3"},
				"east": {"uv": [12, 4, 15, 6], "texture": "#3"},
				"south": {"uv": [0, 10, 4, 9.5], "texture": "#3"},
				"west": {"uv": [0, 8, 4, 10], "texture": "#3"},
				"up": {"uv": [0, 1, 0.5, 4], "texture": "#3"},
				"down": {"uv": [0, 10, 4, 9.5], "texture": "#3"}
			}
		}
	]
}