{
	"credit": "Made with Blockbench",
	"textures": {
		"2": "blocks/bed_feet",
		"4": "blocks/bed_feet_top",
		"particle": "blocks/planks_oak"
	},
	"elements": [
		{
			"from": [0, 3, 0],
			"to": [16, 9, 16],
			"faces": {
				"north": {"uv": [8, 8, 16, 11], "texture": "#2"},
				"east": {"uv": [0, 8, 8, 11], "texture": "#2"},
				"south": {"uv": [0, 0, 0, 0], "texture": "#2"},
				"west": {"uv": [8, 4, 16, 7], "texture": "#2"},
				"up": {"uv": [0, 0, 8, 8], "texture": "#2"},
				"down": {"uv": [0, 0, 16, 16], "texture": "#2"}
			}
		},
		{
			"from": [0, 0, 0],
			"to": [3, 3, 3],
			"faces": {
				"north": {"uv": [8, 2, 9.5, 3.5], "texture": "#2"},
				"east": {"uv": [14, 2, 15.5, 3.5], "texture": "#2"},
				"south": {"uv": [12, 2, 13.5, 3.5], "texture": "#2"},
				"west": {"uv": [10, 2, 11.5, 3.5], "texture": "#2"},
				"up": {"uv": [0, 0, 0, 0], "texture": "#2"},
				"down": {"uv": [8, 0, 9.5, 1.5], "texture": "#2"}
			}
		},
		{
			"from": [13, 0, 0],
			"to": [16, 3, 3],
			"faces": {
				"north": {"uv": [10, 2, 11.5, 3.5], "texture": "#2"},
				"east": {"uv": [8, 2, 9.5, 3.5], "texture": "#2"},
				"south": {"uv": [14, 2, 15.5, 3.5], "texture": "#2"},
				"west": {"uv": [12, 2, 13.5, 3.5], "texture": "#2"},
				"up": {"uv": [0, 0, 0, 0], "texture": "#2"},
				"down": {"uv": [10, 0, 11.5, 1.5], "texture": "#2"}
			}
		},
		{
			"from": [0, 9, 0],
			"to": [16, 10, 16],
			"faces": {
				"north": {"uv": [0, 0, 16, 1], "texture": "#4"},
				"east": {"uv": [0, 0, 16, 1], "texture": "#4"},
				"south": {"uv": [0, 0, 16, 1], "texture": "#4"},
				"west": {"uv": [0, 0, 16, 1], "texture": "#4"},
				"up": {"uv": [0, 0, 16, 16], "texture": "#4"},
				"down": {"uv": [0, 0, 16, 16], "texture": "#4"}
			}
		},
		{
			"from": [0, 2, 3],
			"to": [16, 3, 16],
			"faces": {
				"north": {"uv": [0, 0, 16, 1], "texture": "#particle"},
				"east": {"uv": [0, 4, 13, 5], "texture": "#particle"},
				"south": {"uv": [0, 0, 16, 1], "texture": "#particle"},
				"west": {"uv": [0, 4, 13, 5], "texture": "#particle"},
				"up": {"uv": [0, 0, 16, 13], "texture": "#particle"},
				"down": {"uv": [0, 0, 16, 13], "texture": "#particle"}
			}
		},
		{
			"from": [3, 2, 0],
			"to": [13, 3, 3],
			"faces": {
				"north": {"uv": [0, 4, 10, 5], "texture": "#particle"},
				"east": {"uv": [0, 0, 3, 1], "texture": "#particle"},
				"south": {"uv": [0, 0, 10, 1], "texture": "#particle"},
				"west": {"uv": [0, 0, 3, 1], "texture": "#particle"},
				"up": {"uv": [0, 0, 10, 3], "texture": "#particle"},
				"down": {"uv": [3, 13, 13, 16], "texture": "#particle"}
			}
		},
		{
			"from": [0, 0, -1],
			"to": [16, 11, 0],
			"faces": {
				"north": {"uv": [0, 0, 16, 11], "texture": "#particle"},
				"east": {"uv": [16, 15, 15, 4], "texture": "#particle"},
				"south": {"uv": [0, 0, 16, 9], "texture": "#particle"},
				"west": {"uv": [0, 0, 1, 11], "texture": "#particle"},
				"up": {"uv": [0, 13, 16, 12], "texture": "#particle"},
				"down": {"uv": [0, 11, 16, 12], "texture": "#particle"}
			}
		}
	]
}