{
	"credit": "Made with Blockbench",
	"ambientocclusion": false,
	"textures": {
		"0": "blocks/planks_oak",
		"particle": "blocks/planks_oak"
	},
	"elements": [
		{
			"from": [2, 0, 14],
			"to": [4, 16, 16],
			"faces": {
				"north": {"uv": [12, 0, 14, 16], "texture": "#0"},
				"east": {"uv": [12, 0, 14, 16], "texture": "#0"},
				"south": {"uv": [12, 0, 14, 16], "texture": "#0"},
				"west": {"uv": [12, 0, 14, 16], "texture": "#0"},
				"up": {"uv": [0, 0, 2, 2], "texture": "#0"},
				"down": {"uv": [0, 0, 2, 2], "texture": "#0"}
			}
		},
		{
			"from": [12, 0, 14],
			"to": [14, 16, 16],
			"faces": {
				"north": {"uv": [2, 0, 4, 16], "texture": "#0"},
				"east": {"uv": [2, 0, 4, 16], "texture": "#0"},
				"south": {"uv": [2, 0, 4, 16], "texture": "#0"},
				"west": {"uv": [2, 0, 4, 16], "texture": "#0"},
				"up": {"uv": [0, 0, 2, 2], "texture": "#0"},
				"down": {"uv": [0, 0, 2, 2], "texture": "#0"}
			}
		},
		{
			"from": [1, 1, 13],
			"to": [15, 3, 15],
			"faces": {
				"north": {"uv": [1, 14, 15, 16], "texture": "#0"},
				"east": {"uv": [1, 14, 2, 16], "texture": "#0"},
				"south": {"uv": [1, 14, 15, 16], "texture": "#0"},
				"west": {"uv": [14, 14, 15, 16], "texture": "#0"},
				"up": {"uv": [1, 12, 15, 13], "texture": "#0"},
				"down": {"uv": [1, 15, 15, 16], "texture": "#0"}
			}
		},
		{
			"from": [1, 5, 13],
			"to": [15, 7, 15],
			"faces": {
				"north": {"uv": [1, 10, 15, 12], "texture": "#0"},
				"east": {"uv": [1, 10, 2, 12], "texture": "#0"},
				"south": {"uv": [1, 10, 15, 12], "texture": "#0"},
				"west": {"uv": [14, 10, 15, 12], "texture": "#0"},
				"up": {"uv": [1, 8, 15, 9], "texture": "#0"},
				"down": {"uv": [1, 11, 15, 12], "texture": "#0"}
			}
		},
		{
			"from": [1, 9, 13],
			"to": [15, 11, 15],
			"faces": {
				"north": {"uv": [1, 6, 15, 8], "texture": "#0"},
				"east": {"uv": [1, 6, 2, 8], "texture": "#0"},
				"south": {"uv": [1, 6, 15, 8], "texture": "#0"},
				"west": {"uv": [14, 6, 15, 8], "texture": "#0"},
				"up": {"uv": [1, 4, 15, 5], "texture": "#0"},
				"down": {"uv": [1, 7, 15, 8], "texture": "#0"}
			}
		},
		{
			"from": [1, 13, 13],
			"to": [15, 15, 15],
			"faces": {
				"north": {"uv": [1, 2, 15, 4], "texture": "#0"},
				"east": {"uv": [1, 2, 2, 4], "texture": "#0"},
				"south": {"uv": [1, 2, 15, 4], "texture": "#0"},
				"west": {"uv": [14, 2, 15, 4], "texture": "#0"},
				"up": {"uv": [1, 0, 15, 1], "texture": "#0"},
				"down": {"uv": [1, 3, 15, 4], "texture": "#0"}
			}
		}
	]
}